<?xml version="1.0" encoding="UTF-8"?>
<cpeDescription xmlns="http://uima.apache.org/resourceSpecifier">
    <collectionReader>
        <collectionIterator>
            <descriptor>
                <import location="D:\apache-ctakes-3.0.0-incubating\desc\ctakes-core\desc\collection_reader\FilesInDirectoryCollectionReader.xml"/>
            </descriptor>
            <configurationParameterSettings>
                <nameValuePair>
                    <name>InputDirectory</name>
                    <value>
                        <string>D:\medphora_data\sample_clinicalnote_1.txt</string>
                    </value>
                </nameValuePair>
            </configurationParameterSettings>
        </collectionIterator>
    </collectionReader>
    <casProcessors casPoolSize="3" processingUnitThreadCount="1">
        <casProcessor deployment="integrated" name="AggregatePlaintextUMLSProcessor">
            <descriptor>
                <import location="D:\apache-ctakes-3.0.0-incubating\desc\ctakes-clinical-pipeline\desc\analysis_engine\AggregatePlaintextUMLSProcessor.xml"/>
            </descriptor>
            <deploymentParameters/>
            <errorHandling>
                <errorRateThreshold action="terminate" value="0/1000"/>
                <maxConsecutiveRestarts action="terminate" value="30"/>
                <timeout max="100000" default="-1"/>
            </errorHandling>
            <checkpoint batch="10000" time="1000ms"/>
        </casProcessor>
        <casProcessor deployment="integrated" name="Write CAS to XML file">
            <descriptor>
                <import location="D:\apache-ctakes-3.0.0-incubating\desc\desc\ctakes-core\desc\cas_consumer\FileWriterCasConsumer.xml"/>
            </descriptor>
            <deploymentParameters/>
            <errorHandling>
                <errorRateThreshold action="terminate" value="0/1000"/>
                <maxConsecutiveRestarts action="terminate" value="30"/>
                <timeout max="100000" default="-1"/>
            </errorHandling>
            <checkpoint batch="10000" time="1000ms"/>
            <configurationParameterSettings>
                <nameValuePair>
                    <name>outputDir</name>
                    <value>
                        <string>D:\eclipse_workspace\MedExtractor\temp\</string>
                    </value>
                </nameValuePair>
            </configurationParameterSettings>
        </casProcessor>
    </casProcessors>
    <cpeConfig>
        <numToProcess>-1</numToProcess>
        <deployAs>immediate</deployAs>
        <checkpoint batch="0" time="300000ms"/>
        <timerImpl/>
    </cpeConfig>
</cpeDescription>
